﻿<?xml version="1.0" encoding="utf-8"?>
<Window >

	<Style name="stockhisdata_date_Time_style" value="height=&quot;24&quot; bordercolor=&quot;#ffbcbfc4&quot; bordersize=&quot;1,1,1,1&quot; bkcolor=&quot;#ffffffff&quot; textpadding=&quot;6,1,1,1&quot; textcolor=&quot;#ff000000&quot; disablebordercolor=&quot;#ffdfe1e4&quot;" />
 	
	<Style name="StockhisdataPageDayListItemStyle" value="font=&quot;0&quot; align=&quot;center&quot; valign=&quot;vcenter&quot; dragable=&quot;false&quot;"/>
 
	<StockDataPage>
		<HorizontalLayout childvalign="vcenter" childpadding="6" height="30" inset="10,0,10,0" bordersize="0,0,0,1">
			<Button name="btnStockhisdataPageLoad" text="加载数据" width="64" height="24" style="borderBtnStyle"/>
			<Button name="stockhisdataPageFindWnd" text="查找窗口" width="64" height="24" style="borderBtnStyle"/>
		</HorizontalLayout>
		<HorizontalLayout padding="10,0,10,10" height="240">
			<RichEdit  name="stockhisdataPageEditLog"  inset="4,2,2,4" padding="0,4" vscrollbar="true" autovscroll="true" hscrollbar="false" autohscroll="false" readonly="false" bordersize="1" >
			</RichEdit>
		</HorizontalLayout>
		<VerticalLayout padding="10,0,10,10">
			<HorizontalLayout height="40">
				<Button name="btnStockhisdataPageTestDayData" text="测试日线" width="64" height="24" style="borderBtnStyle"/>
				<Button name="btnStockhisdataPageTestMinData" text="测试分时" width="64" height="24" style="borderBtnStyle"/>
				<Label name="StockhisdataPageStockLabel" text="" padding="20" height="24" />
			</HorizontalLayout>
			<TabLayout StockhisdataPage="StockhisdataPageDataTab">
				<StockDataTable name="StockhisdataPageDayTable" vscrollbar="true" padding="4,0,4,0" itemfont="0" itemalign="left" itemselectedbkcolor="FFd3d9f3" itemendellipsis="true">
					<ListHeader height="28" bordersize="1,1,1,1" >
						<ListHeaderItem text="日期" width="104" style="StockhisdataPageDayListItemStyle" bordersize="0,0,1,0" />
						<ListHeaderItem text="开盘" style="StockhisdataPageDayListItemStyle"/>
						<ListHeaderItem text="收盘" width="104" style="StockhisdataPageDayListItemStyle" bordersize="0,0,1,0" />
						<ListHeaderItem text="成交量" style="StockhisdataPageDayListItemStyle"/>
						<ListHeaderItem text="成交额" width="104" style="StockhisdataPageDayListItemStyle" bordersize="0,0,1,0" />
						<ListHeaderItem text="换手" style="StockhisdataPageDayListItemStyle"/>
						<ListHeaderItem text="最高" width="104" style="StockhisdataPageDayListItemStyle" bordersize="0,0,1,0" />
						<ListHeaderItem text="最低" style="StockhisdataPageDayListItemStyle"/>
						<ListHeaderItem text="外盘" width="104" style="StockhisdataPageDayListItemStyle" bordersize="0,0,1,0" />
					</ListHeader>
				</StockDataTable>
			</TabLayout>
			
		</VerticalLayout>
  </StockDataPage>
</Window>