<?xml version="1.0" encoding="utf-8" standalone="yes" ?>
<Window size="357,320" caption="0,0,0,220" bktrans="true" richeditcorner="200,80,10,177">
<Font name="微软雅黑" id="0" size="14" default="true" />
<Font name="微软雅黑" id="1" size="16"/>
<Font name="微软雅黑" id="2" size="22"/>

 <Style name="btnStyle" value="width=&quot;40&quot; height=&quot;20&quot; font=&quot;0&quot; textcolor=&quot;#FF000000&quot; cursor=&quot;hand&quot;"/>
  
 <VerticalLayout name="vlayout_background" bkimage="file='image\login\background.png' dest='0,0,357,220'" >
    <HorizontalLayout height="74"> <!-- 标题栏 -->
        <HorizontalLayout name="hlayout_title" >
            <Label text="" padding="14,0,0,0" width="200" height="31" font="1" textcolor="#FFFF0000"/>
        </HorizontalLayout>
    </HorizontalLayout>

    <VerticalLayout> <!-- 主界面 -->
        <HorizontalLayout inset="170,3,0,0" padding="0,5,0,0" height="30">
            <Label text="用户名:" width="45" />
            <RichEdit name="username" width="120" padding="5,2,0,0" textpadding="5,0,5,0" bkcolor="88cecece" tipvalue="请输入用户名" tipvaluecolor="#FF888888" nativetextcolor="#FF010101" />
        </HorizontalLayout>
        <HorizontalLayout inset="170,3,0,0" padding="0,2,0,0" height="30">
            <Label text="密   码:" width="45" />
            <RichEdit name="password" width="120" padding="5,2,0,0" textpadding="5,0,5,0" bkcolor="88cecece" tipvalue="请输入密码" tipvaluecolor="#FF888888" nativetextcolor="#FF010101" password="true" />
        </HorizontalLayout >
		<HorizontalLayout height="30" padding="0,8" childvalign="vcenter">
			<Control width="90" />
			<Button name="ok" text="确定" style="btnStyle"/>
			<Button name="cancel" text="取消" style="btnStyle" padding="8"/>
			<Control />
		</HorizontalLayout>
        <GifAnim bkimage="bk\gif1.gif" autoplay="true" autosize="true" />
    </VerticalLayout>

</VerticalLayout>
</Window>
