<?xml version="1.0" encoding="utf-8"?>
<Window >
	<CaptionPage name="caption" height="32" ><!-- 标题栏 -->
		<HorizontalLayout name="captionleft">
			<Control />
			<Label name="captionname" text="你会爱我吗" width="250" endellipsis="true" autocalcwidth="true" textcolor="#ffffffff" />
			<Control />
		</HorizontalLayout> 
		<HorizontalLayout name="captionright" width="150" bkimage="file='image\caption\bk.png' corner='30,0,0,0'" childvalign="vcenter">
			<Control />
			<Button name="cpationSkin" width="23" height="18" padding="0,0,0,0" normalimage="image\comm\skin_normal.png" hotimage="image\comm\skin_hover.png" pushedimage="image\comm\skin_down.png" />
			<Control width="1" height="18" padding="9,10,0,0" bkimage="image\caption\separate_line.png" />
			<Button name="cpationSettings" width="23" height="18" padding="9,0,0,0" normalimage="image\sys\menu_normal.png" hotimage="image\sys\menu_hover.png" pushedimage="image\sys\menu_down.png" />
			<Button name="minbtn" width="23" height="18" padding="0,0,0,0" normalimage="image\sys\min_normal.png" hotimage="image\sys\min_hover.png" pushedimage="image\sys\min_down.png" />
			<Button name="closebtn" width="23" height="18" padding="0,0,0,0" normalimage="image\sys\close_normal.png" hotimage="image\sys\close_hover.png" pushedimage="image\sys\close_down.png" />
		</HorizontalLayout>
	</CaptionPage>	
</Window>