<?xml version="1.0" encoding="utf-8"?>
<Window >
  <Style name="ToolbarItemStyle" value="width=&quot;60&quot; height=&quot;20&quot; textcolor=&quot;#ffffffff&quot; cursor=&quot;hand&quot; hotbkcolor=&quot;#77999999&quot;" />
  <ToolbarPage height="30">
	  <HorizontalLayout name="tools" childvalign="vcenter" inset="1,1,1,0" bordersize="0,0,0,1" bordercolor="#ff999999">
		<Control />
		<ToolbarItem name="toolbarBlock" text="板块计算" style="ToolbarItemStyle" functoncallname="switchPage" functioncallparam="xmlres:xml_block" />
		<ToolbarItem name="toolbarStockHisData" text="历史数据" style="ToolbarItemStyle" functoncallname="switchPage" functioncallparam="xmlres:xml_stock_his_data" />
		<ToolbarItem name="toolbarBase64" text="base64" style="ToolbarItemStyle" functoncallname="switchPage" functioncallparam="xmlres:xml_base64" />
		<ToolbarItem name="toolbarTestControl" text="测试" style="ToolbarItemStyle" functoncallname="switchPage" functioncallparam="xmlres:xml_test_control"/>
		<ToolbarItem name="toolbarShowWebDlg" text="内嵌网页" style="ToolbarItemStyle" functoncallname="switchPage" functioncallparam="xmlres:xml_web_browser_page"/>
		<ToolbarItem name="toolbarShowWebDlg" text="浏览器" style="ToolbarItemStyle" functoncallname="showWebDlg" functioncallparam="url : http://www.baidu.com, modal : true"/>
		<ToolbarItem name="toolbarRestartProgram" text="重启" style="ToolbarItemStyle" functoncallname="command" functioncallparam="commandName:restartProgram" />
		<Control />
	  </HorizontalLayout>
  </ToolbarPage>
</Window>