<?xml version="1.0" encoding="utf-8"?>
<Window >
  <Base64Page>
    <HorizontalLayout height="36" childvalign="vcenter"  childpadding="1" inset="1,1,1,1" bordersize="0,0,0,1">
		<Button name="base64PageBtnEncode"  text="编码" width="60" height="26" padding="40,0,0,0" style="borderBtnStyle" />
        <Button name="base64PageBtnDecode"  text="解码" width="60" height="26" padding="20,0,0,0" style="borderBtnStyle" />
	</HorizontalLayout>
    <VerticalLayout inset="8,10,8,10" childpadding="16">
	   <RichEdit  name="base64PageResultSrc" inset="2,2,2,2" vscrollbar="true" autovscroll="true" hscrollbar="true" autohscroll="true" bordersize="1">
	   </RichEdit>
	   <RichEdit  name="base64PageResultDst" inset="2,2,2,2" vscrollbar="true" autovscroll="true" hscrollbar="true" autohscroll="true" bordersize="1" >
	   </RichEdit>
	 </VerticalLayout>
  </Base64Page>
</Window>