<?xml version="1.0" encoding="utf-8"?>
<Window >
  <Base64Page bkcolor="#FFFFFFFF">
    <HorizontalLayout height="36" childvalign="vcenter"  childpadding="1" inset="1,1,1,1" bordersize="0,0,0,1" bordercolor="#ff999999">
		<Button name="base64PageBtnEncode"  text="编码" width="60" height="26" padding="40,0,0,0" normalimage="file='image\comm\button_normal.png' corner='5,5,5,5'" hotimage="file='image\comm\button_hover.png' corner='5,5,5,5'" pushedimage="file='image\comm\button_down.png' corner='5,5,5,5'"  />
        <Button name="base64PageBtnDecode"  text="解码" width="60" height="26" padding="20,0,0,0" normalimage="file='image\comm\button_normal.png' corner='5,5,5,5'" hotimage="file='image\comm\button_hover.png' corner='5,5,5,5'" pushedimage="file='image\comm\button_down.png' corner='5,5,5,5'"  />
	</HorizontalLayout>
    <VerticalLayout inset="8,10,8,10" childpadding="16" bkcolor="#ffffffff">
	   <RichEdit  name="base64PageResultSrc" inset="2,2,2,2" vscrollbar="true" autovscroll="true" hscrollbar="true" autohscroll="true" textcolor="#ff000000" bordersize="1" bordercolor="#FF3e93e2">
	   </RichEdit>
	   <RichEdit  name="base64PageResultDst" inset="2,2,2,2" vscrollbar="true" autovscroll="true" hscrollbar="true" autohscroll="true" textcolor="#ff000000" bordersize="1" bordercolor="#FF3e93e2">
	   </RichEdit>
	 </VerticalLayout>
  </Base64Page>
</Window>