﻿<?xml version="1.0" encoding="utf-8"?>
<Window >
	<GLPage name="GLPageRoot">
		<HorizontalLayout height="30" childvalign="vcenter" childpadding="8" bordersize="0,0,0,1" >
			<Button name="btnGlpageGlwndTest" text="opengl" width="60" padding="8" height="24" style="borderBtnStyle" /> 
			<Button name="btnGlpageTriangle" text="三角形" width="60" height="24" style="borderBtnStyle" /> 
		</HorizontalLayout>
		<VerticalLayout name="GlpageBody">
			<GL name="glpageGlwnd"/>
		</VerticalLayout> 	
	</GLPage>     
</Window>