﻿<?xml version="1.0" encoding="utf-8"?>
<Window >
	<GLPage name="GLPageRoot" bordercolor="#FF47484B" bordersize="1" inset="1,1,1,1">
		<HorizontalLayout height="30" bkcolor="#FFFFFFFF" childvalign="vcenter" childpadding="8" bordersize="0,0,0,1" bordercolor="#ff666666">
			<Button name="btnGlpageGlwndTest" text="opengl" width="60" padding="8" height="24" /> 
			<Button name="btnGlpageTriangle" text="三角形" width="60" height="24" /> 
		</HorizontalLayout>
		<VerticalLayout name="GlpageBody" bkcolor="#FFFFFFFF">
			<GL name="glpageGlwnd"/>
		</VerticalLayout> 	
	</GLPage>     
</Window>