﻿<?xml version="1.0" encoding="utf-8"?>
<Window size="632,402" caption="0,0,0,30" mininfo="632,402" bktrans="false" >
	<VerticalLayout >
		<HorizontalLayout name="background" height="30" bkimage="file='image\bkImage\4.jpg' source='0,0,1000,30'" >
            <Label text="glwindow" textcolor="#FFFFFFFF" textpadding="5,0,0,0" font="1" autocalcwidth="false" width="300"/>
			<Control />
			<Button name="closebtn" width="23" height="18" padding="0,6,0,0" normalimage="image\sys\close_normal.png" hotimage="image\sys\close_hover.png" pushedimage="image\sys\close_down.png" />                     
        </HorizontalLayout>
		<Include source="XML_show_glPage"/>
	</VerticalLayout>     
</Window>