﻿<?xml version="1.0" encoding="utf-8"?>
<Window size="632,402" caption="0,0,0,30" mininfo="632,402" bktrans="false" >
	<Font name="微软雅黑" size="13" id="0" default="true"/>
    <Font name="微软雅黑" size="13" id="1" bold="true" />
	<Default name="VScrollBar" value="width=&quot;17&quot; button1normalimage=&quot;file='image\comm\scroll1_normal.png'&quot; button1hotimage=&quot;file='image\comm\scroll1_normal.png'&quot; button1pushedimage=&quot;file='image\comm\scroll1_down.png'&quot; button2normalimage=&quot;file='image\comm\scroll2_normal.png'&quot; button2hotimage=&quot;file='image\comm\scroll2_normal.png'&quot; button2pushedimage=&quot;file='image\comm\scroll2_down.png'&quot; thumbnormalimage=&quot;file='image\comm\scroll.png' corner='3,3,3,3'&quot; thumbhotimage=&quot;file='image\comm\scroll.png' corner='3,3,3,3'&quot;" />    
   
	
	<VerticalLayout name="root" bordercolor="#FF47484B" bordersize="1" inset="1,1,1,1">
		<HorizontalLayout name="background" height="30" bkimage="file='image\bkImage\4.jpg' source='0,0,1000,30'" >
            <Label text="皮肤设置" textcolor="#FFFFFFFF" textpadding="5,0,0,0" font="1" autocalcwidth="false" width="300"/>
			<Control />
			<Button name="closebtn" width="23" height="18" padding="0,6,0,0" normalimage="image\sys\close_normal.png" hotimage="image\sys\close_hover.png" pushedimage="image\sys\close_down.png" />                     
        </HorizontalLayout>
		<VerticalLayout height="306" bkcolor="#FFFFFFFF">
			<HorizontalLayout height="36" bottombordersize="1" bordercolor="FFCACACA" childvalign="vcenter" >
				<Option name="OptOfficial" width="84" height="36" normalimage="image\skin\official_normal.png" hotimage="image\skin\official_hover.png" pushedimage="image\skin\official_down.png"  group="TopTab" selectedimage="image\skin\official_down.png"  selected="true" />
            	<Option name="OptMy" width="84" height="36" normalimage="image\skin\my_normal.png" hotimage="image\skin\my_hover.png" pushedimage="image\skin\my_down.png"  group="TopTab" selectedimage="image\skin\my_down.png" />
				<Control />
            	<Button name="BtnDefault" width="118" height="13" padding="0,0,20,0" normalimage="image\skin\restore_normal.png" hotimage="image\skin\restore_hover.png" pushedimage="image\skin\restore_down.png"  />
			</HorizontalLayout>
			<AnimationTabLayout name="skinTab" height="270" selectedid="0" >
	            <TileLayout columns="5" vscrollbar="true" padding="13,10,0,0" childpadding="1,0,0,0" width="613" height="260" >
	            	<Button name="SkinPictureItem" width="118" height="70" bkimage="image\bkimage\1small.jpg" bkname="默认皮肤" />
	            	<Button name="SkinPictureItem" width="118" height="70" bkimage="image\bkimage\2small.jpg" bkname="隽永七夕" />
	            	<Button name="SkinPictureItem" width="118" height="70" bkimage="image\bkimage\3small.jpg" bkname="你好狮子座" />
	            	<Button name="SkinPictureItem" width="118" height="70" bkimage="image\bkimage\4small.jpg"  bkname="激情世界杯" />
	            	<Button name="SkinPictureItem" width="118" height="70" bkimage="image\bkimage\5small.jpg"  bkname="新春快乐" />
	            	<Button name="SkinPictureItem" width="118" height="70" bkimage="image\bkimage\6small.jpg"  bkname="快乐童年" />
	            	<Button name="SkinPictureItem" width="118" height="70" bkimage="image\bkimage\7small.jpg"  bkname="土豪金" />
	            	<Button name="SkinPictureItem" width="118" height="70" bkimage="image\bkimage\8small.jpg"  bkname="雾林小径" />
	            	<Button name="SkinPictureItem" width="118" height="70" bkimage="image\bkimage\9small.jpg"  bkname="落叶沉思"/>
	            	<Button name="SkinPictureItem" width="118" height="70" bkimage="image\bkimage\10small.jpg" bkname="春日初暖" />
	            	<Button name="SkinPictureItem" width="118" height="70" bkimage="image\bkimage\11small.jpg" bkname="雾色渐浓" />
	            	<Button name="SkinPictureItem" width="118" height="70" bkimage="image\bkimage\12small.jpg" bkname="馨馨相伴" />
	            	<Button name="SkinPictureItem" width="118" height="70" bkimage="image\bkimage\13small.jpg" bkname="灿烂黄昏" />
	            	<Button name="SkinPictureItem" width="118" height="70" bkimage="image\bkimage\14small.jpg" bkname="音乐节" />
	            	<Button name="SkinPictureItem" width="118" height="70" bkimage="image\bkimage\15small.jpg" bkname="青青碧色" />
	            	<Button name="SkinPictureItem" width="118" height="70" bkimage="image\bkimage\16small.jpg" bkname="森林呓语" />
	            	<Button name="SkinPictureItem" width="118" height="70" bkimage="image\bkimage\17small.jpg" bkname="初秋日光" />
                    <Button name="SkinPictureItem" width="118" height="70" bkimage="image\bkimage\18small.jpg" bkname="寂寥秋意" />
                    <Button name="SkinPictureItem" width="118" height="70" bkimage="image\bkimage\19small.jpg" bkname="来自星星的你"/>
                </TileLayout >
                <TileLayout columns="5" vscrollbar="true" padding="13,10,0,0" childpadding="1,0,0,0" width="613" height="260" >
                	<Button name="Button" width="118" height="70" bkimage="image\bkimage\1small.jpg" bkname="默认皮肤" />
	            	<Button name="Button" width="118" height="70" bkimage="image\bkimage\2small.jpg" bkname="来自星星的你" />
	            	<Button name="Button" width="118" height="70" bkimage="image\bkimage\3small.jpg" bkname="寂寥秋意" />
                </TileLayout >
            </AnimationTabLayout>
		</VerticalLayout>
		<HorizontalLayout height="64" inset="12,23,0,0" bkcolor="#FFFFFFFF">
        	<Option name="OptSkinTrans" width="14" height="14" padding="0,6,0,0" normalimage="image\comm\check_normal.png" hotimage="image\comm\check_hover.png" pushedimage="image\comm\check_down.png" selectedimage="image\comm\checked_normal.png" selectedhotimage="image\comm\checked_hover.png" selectedpushedimage="image\comm\checked_down.png"/>
			<Label text="皮肤透明" padding="2,3,0,0" width="1" height="18" font="0" autocalcwidth="true" />
        	<Button name="BtnSkinTrans" enabled="false" text="0 %" tag="0" align="left" textpadding="6,2,0,0" width="73" height="24" padding="10,0,0,0" normalimage="image\skin\combo_normal.png" hotimage="image\skin\combo_down.png" pushedimage="image\skin\combo_down.png"  />
			<Control />
            <Button name="BtnPattet"  text="调色板" width="65" height="26" padding="117,0,0,0" normalimage="file='image\comm\button_normal.png' corner='5,5,5,5'" hotimage="file='image\comm\button_hover.png' corner='5,5,5,5'" pushedimage="file='image\comm\button_down.png' corner='5,5,5,5'"  />
            <Button name="BtnCustom"  text="自定义皮肤" width="77" height="26" padding="5,0,20,0" normalimage="file='image\comm\button_normal.png' corner='5,5,5,5'" hotimage="file='image\comm\button_hover.png' corner='5,5,5,5'" pushedimage="file='image\comm\button_down.png' corner='5,5,5,5'"  />
		</HorizontalLayout>
	</VerticalLayout>     
</Window>