﻿<?xml version="1.0" encoding="utf-8"?>
<Window >
	<WebBrowserPage canshowsearchbox="true" tabshowsearchbox="true">
		<HorizontalLayout name="WebBrowserPageSearchModule" visible="false" height="36" childvalign="vcenter" bordersize="0,0,0,1" bordercolor="FF47484B">
			<Edit name="WebBrowserPageurlBox" padding="8,0,8,0" height="24" textcolor="#FF000000" nativetextcolor="#FF000000" nativebkcolor="FFFFFFFF" bkcolor="FFFFFFFF" font="0"  bordersize="1" bordercolor="#FF3e93e2" focusbordercolor="#FF3e93e2" />
		</HorizontalLayout>
		<HorizontalLayout padding="0,0,0,0">
			<Browser name="webBrowser" >
			</Browser>
		</HorizontalLayout>
	</WebBrowserPage>     
</Window>