<?xml version="1.0" encoding="utf-8"?>
<Window >
	<Style name="editTestLabelStyle" value="autocalcwidth=&quot;true&quot; textpadding=&quot;6,0,6,0&quot; bordersize=&quot;1,1,1,1&quot; bordercolor=&quot;#ff444444&quot; height=&quot;24&quot; " />
	<Style name="lec_editstylename" value="textpadding=&quot;2&quot; usedefaultbkandtextcolor=&quot;true&quot;" />
	
	<TestControlPage >
		<HorizontalLayout height="200" childvalign="vcenter">
			<VerticalLayout width="200" childvalign="vcenter">
				<PieChart name="pieChar" width="150" height="150" piefont="2" textcolor="#ffffffff" piebordercolor="#ffff0000" radius="70" innerradius="40" piebkcolor="#ffffffff" mindrawpercent="3" startangle="0" />
				<CompareValueButton height="30" datavalue="123" align="center" width="140" height="16" padding="10,0,0,0" comparecolorup="#ffff00ff" textcolor="#ffff0000" valueprefix="第" valuesuffix="名" datafmttext="1234" />
			</VerticalLayout>
			
			<Button name="btnTestPageScreenshots" text="截屏" width="60" height="24" style="borderBtnStyle"/>
			<Button name="btnTestPageShowGL" text="opengl" width="60" height="24" style="borderBtnStyle" />
			<Button name="btnTestPageShowWebDlg" text="浏览器" width="80" height="24" style="borderBtnStyle" />
		</HorizontalLayout>
		<EditContainer name="editTest" height="40" bkcolor="#ff000000" readonly="true" bordersize="1,1,1,1" bordercolor="#ff2c2c2c" inset="6,1,6,1" padding="10,0,10,0" lec_labeltylename="editTestLabelStyle" lec_editstylename="lec_editstylename" >
		</EditContainer>

		<Button name="btnTestPageSearch" width="88" height="37" text="搜索" />
		<VirtualList name="virListDemo" width="500" vscrollbar="true" columns="7" childpadding="10"  vscrollbarname="VScrollBar" >
			<ListHeader name="domain" bkcolor="#FF333333">
				<ListHeaderItem text="序号" height="23" minwidth="16"  sepwidth="1" align="center" bkcolor="#FF666666" />
				<ListHeaderItem text="文件名称"  height="23" minwidth="16"  sepwidth="1" align="center" bkcolor="#FF666666" />
            </ListHeader>
		</VirtualList>
	</TestControlPage>
</Window>