<?xml version="1.0" encoding="utf-8"?>
<Window caption="0,0,0,32" size="400,600"  roundcorner="3,3" >
  <Font name="微软雅黑" size="13" id="0" default="true"/>
	
  <Default name="Button" value="normalimage=&quot;file='image\comm\button_normal.png' corner='5,5,5,5'&quot; hotimage=&quot;file='image\comm\button_hover.png' corner='5,5,5,5'&quot; pushedimage=&quot;file='image\comm\button_down.png' corner='5,5,5,5'&quot; " />
  <Default name="VScrollBar" value="width=&quot;17&quot; button1normalimage=&quot;file='image\comm\scroll1_normal.png'&quot; button1hotimage=&quot;file='image\comm\scroll1_normal.png'&quot; button1pushedimage=&quot;file='image\comm\scroll1_down.png'&quot; button2normalimage=&quot;file='image\comm\scroll2_normal.png'&quot; button2hotimage=&quot;file='image\comm\scroll2_normal.png'&quot; button2pushedimage=&quot;file='image\comm\scroll2_down.png'&quot; thumbnormalimage=&quot;file='image\comm\scroll.png' corner='3,3,3,3'&quot; thumbhotimage=&quot;file='image\comm\scroll.png' corner='3,3,3,3'&quot;" />    
   
  <VerticalLayout bkcolor="#FFfafafa" bordercolor="#FF52555A" bordersize="1,1,1,1" >
    <HorizontalLayout name="background" height="30" bkimage="file='image\bkImage\4.jpg' source='0,0,1000,30'" >
        <Label text="编辑板块" textcolor="#FFFFFFFF" textpadding="5,0,0,0" font="1" autocalcwidth="false" width="300"/>
		<Control />
		<Button name="closebtn" width="23" height="18" padding="0,6,0,0" normalimage="image\sys\close_normal.png" hotimage="image\sys\close_hover.png" pushedimage="image\sys\close_down.png" />                     
    </HorizontalLayout>
    <HorizontalLayout childvalign="vcenter" height="36" inset="8,8,8,0">
	  <Label name="tip" text="板块名称:" font="0" width="60" height="24" textcolor="#ff252b3b"/>
      <Edit name="newName" height="24" textcolor="#FF000000" font="1" valign="vcneter" bordersize="1" bordercolor="#FF3e93e2" focusbordercolor="#FF3e93e2" />
    </HorizontalLayout>
	<HorizontalLayout  childvalign="vcenter" height="60" inset="8,8,8,0">
	  <Button name="ask" text="查询" font="0" width="50" height="24" textcolor="#ff252b3b" padding="0,0,10"/>
	  <RichEdit  name="askName" inset="1,1,1,1" vscrollbar="true" autovscroll="true" hscrollbar="false" autohscroll="false" textcolor="#ff000000" bordersize="1" bordercolor="#FF3e93e2">
	  </RichEdit>
	</HorizontalLayout>
	<VerticalLayout inset="8,10,8,10" childpadding="16" >
		<RichEdit  name="rst" inset="1,1,1,1" vscrollbar="true" autovscroll="true" hscrollbar="false" autohscroll="false" textcolor="#ff000000" readonly="true" bordersize="1" bordercolor="#FF3e93e2">
		</RichEdit>
	</VerticalLayout>
    <HorizontalLayout height="42" inset="12,2,12,12">
	  <Control/>
      <Button name="confirmbtn" text="确定" width="70" height="28" font="0" textcolor="#ff252b3b" />
      <Button name="cancelbtn"  text="取消" width="70" height="28"  font="0" padding="16" textcolor="#ff252b3b" />
	</HorizontalLayout>
  </VerticalLayout>
</Window>